{"cameraMode":{"drawMode":0,"name":"Shaded","section":"Shading Mode"},"sceneLighting":false,"audioPlay":false,"sceneViewState":{"m_AlwaysRefresh":false,"showFog":true,"showSkybox":false,"showFlares":true,"showImageEffects":true,"showParticleSystems":true,"showVisualEffectGraphs":true,"m_FxEnabled":true},"in2DMode":false,"pivot":{"x":-2.5899999141693117,"y":0.869835615158081,"z":0.008967667818069458},"rotation":{"x":-0.0891604870557785,"y":0.8945230841636658,"z":-0.20643864572048188,"w":-0.38634294271469118},"size":1.2088127136230469,"orthographic":false}