{"cameraMode":{"drawMode":0,"name":"Shaded","section":"Shading Mode"},"sceneLighting":true,"audioPlay":false,"sceneViewState":{"m_AlwaysRefresh":false,"showFog":true,"showSkybox":false,"showFlares":true,"showImageEffects":true,"showParticleSystems":true,"showVisualEffectGraphs":true,"m_FxEnabled":true},"in2DMode":false,"pivot":{"x":-1.4131537675857545,"y":10.113649368286133,"z":-48.9881477355957},"rotation":{"x":0.12295373529195786,"y":-0.026482144370675088,"z":0.0032851737923920156,"w":0.992056131362915},"size":0.8660253882408142,"orthographic":false}