{"cameraMode":{"drawMode":0,"name":"Shaded","section":"Shading Mode"},"sceneLighting":false,"audioPlay":false,"sceneViewState":{"m_AlwaysRefresh":false,"showFog":true,"showSkybox":false,"showFlares":true,"showImageEffects":true,"showParticleSystems":true,"showVisualEffectGraphs":true,"m_FxEnabled":true},"in2DMode":false,"pivot":{"x":-0.005387815181165934,"y":0.860522449016571,"z":0.040261901915073398},"rotation":{"x":-0.08187206834554672,"y":0.8969034552574158,"z":-0.18724218010902406,"w":-0.3921686112880707},"size":0.3939177095890045,"orthographic":false}