{"cameraMode":{"drawMode":0,"name":"Shaded","section":"Shading Mode"},"sceneLighting":false,"audioPlay":false,"sceneViewState":{"m_AlwaysRefresh":false,"showFog":true,"showSkybox":false,"showFlares":true,"showImageEffects":true,"showParticleSystems":true,"showVisualEffectGraphs":true,"m_FxEnabled":true},"in2DMode":false,"pivot":{"x":-0.45325565338134768,"y":1.547025203704834,"z":1.932066559791565},"rotation":{"x":0.009701832197606564,"y":0.9717869162559509,"z":-0.040563616901636127,"w":0.2322319746017456},"size":1.2796903848648072,"orthographic":false}