{"cameraMode":{"drawMode":0,"name":"Shaded","section":"Shading Mode"},"sceneLighting":false,"audioPlay":false,"sceneViewState":{"m_AlwaysRefresh":false,"showFog":true,"showSkybox":false,"showFlares":true,"showImageEffects":true,"showParticleSystems":true,"showVisualEffectGraphs":true,"m_FxEnabled":true},"in2DMode":false,"pivot":{"x":194.75587463378907,"y":15.985812187194825,"z":190.79803466796876},"rotation":{"x":0.03870910778641701,"y":0.004218796733766794,"z":-0.00016897663590498269,"w":0.9992620348930359},"size":1.2771260738372803,"orthographic":false}