{"cameraMode":{"drawMode":0,"name":"Shaded","section":"Shading Mode"},"sceneLighting":false,"audioPlay":false,"sceneViewState":{"m_AlwaysRefresh":false,"showFog":true,"showSkybox":false,"showFlares":true,"showImageEffects":true,"showParticleSystems":true,"showVisualEffectGraphs":true,"m_FxEnabled":true},"in2DMode":false,"pivot":{"x":-0.9374707937240601,"y":2.6504509449005129,"z":-3.947929620742798},"rotation":{"x":0.0009104913915507495,"y":0.9991053342819214,"z":-0.03270110860466957,"w":0.027557149529457094},"size":5.307380676269531,"orthographic":false}